ID,Label
20056.jpg,mountain
20057.jpg,mountain
20058.jpg,mountain
20059.jpg,mountain
20060.jpg,mountain
20061.jpg,mountain
20062.jpg,mountain
20064.jpg,mountain
20066.jpg,mountain
20067.jpg,mountain
20068.jpg,mountain
20069.jpg,mountain
20070.jpg,mountain
20071.jpg,mountain
20072.jpg,mountain
20073.jpg,mountain
20074.jpg,mountain
20075.jpg,mountain
20076.jpg,mountain
20077.jpg,mountain
20078.jpg,mountain
20079.jpg,mountain
20080.jpg,mountain
20081.jpg,mountain
20082.jpg,mountain
20083.jpg,mountain
20084.jpg,mountain
20085.jpg,mountain
20087.jpg,mountain
20088.jpg,mountain
20089.jpg,mountain
20090.jpg,mountain
20091.jpg,mountain
20092.jpg,mountain
20093.jpg,mountain
20094.jpg,mountain
20095.jpg,mountain
20096.jpg,mountain
20098.jpg,mountain
20099.jpg,mountain
20100.jpg,mountain
20106.jpg,mountain
20107.jpg,mountain
20108.jpg,mountain
20109.jpg,mountain
20111.jpg,mountain
20112.jpg,mountain
20113.jpg,mountain
20114.jpg,mountain
20115.jpg,mountain
20116.jpg,mountain
20117.jpg,mountain
20120.jpg,mountain
20123.jpg,mountain
20124.jpg,mountain
20126.jpg,mountain
20127.jpg,mountain
20129.jpg,mountain
20131.jpg,mountain
20133.jpg,mountain
20134.jpg,mountain
20136.jpg,mountain
20137.jpg,mountain
20138.jpg,mountain
20140.jpg,mountain
20142.jpg,mountain
20144.jpg,mountain
20147.jpg,mountain
20148.jpg,mountain
20150.jpg,mountain
20151.jpg,mountain
20152.jpg,mountain
20153.jpg,mountain
20154.jpg,mountain
20157.jpg,mountain
20158.jpg,mountain
20159.jpg,mountain
20160.jpg,mountain
20161.jpg,mountain
20162.jpg,mountain
20163.jpg,mountain
20164.jpg,mountain
20165.jpg,mountain
20166.jpg,mountain
20167.jpg,mountain
20168.jpg,mountain
20170.jpg,mountain
20171.jpg,mountain
20172.jpg,mountain
20173.jpg,mountain
20174.jpg,mountain
20175.jpg,mountain
20176.jpg,mountain
20177.jpg,mountain
20178.jpg,mountain
20179.jpg,mountain
20181.jpg,mountain
20183.jpg,mountain
20184.jpg,mountain
20185.jpg,mountain
20186.jpg,mountain
20187.jpg,mountain
20189.jpg,mountain
20190.jpg,mountain
20191.jpg,mountain
20194.jpg,mountain
20195.jpg,mountain
20198.jpg,mountain
20202.jpg,mountain
20204.jpg,mountain
20206.jpg,mountain
20207.jpg,mountain
20209.jpg,mountain
20210.jpg,mountain
20211.jpg,mountain
20212.jpg,mountain
20216.jpg,mountain
20218.jpg,mountain
20221.jpg,mountain
20222.jpg,mountain
20225.jpg,mountain
20226.jpg,mountain
20227.jpg,mountain
20228.jpg,mountain
20229.jpg,mountain
20230.jpg,mountain
20231.jpg,mountain
20232.jpg,mountain
20234.jpg,mountain
20236.jpg,mountain
20238.jpg,mountain
20240.jpg,mountain
20241.jpg,mountain
20242.jpg,mountain
20243.jpg,mountain
20245.jpg,mountain
20246.jpg,mountain
20247.jpg,mountain
20249.jpg,mountain
20250.jpg,mountain
20252.jpg,mountain
20253.jpg,mountain
20255.jpg,mountain
20256.jpg,mountain
20257.jpg,mountain
20259.jpg,mountain
20260.jpg,mountain
20261.jpg,mountain
20264.jpg,mountain
20265.jpg,mountain
20266.jpg,mountain
20267.jpg,mountain
20268.jpg,mountain
20269.jpg,mountain
20270.jpg,mountain
20271.jpg,mountain
20272.jpg,mountain
20273.jpg,mountain
20274.jpg,mountain
20275.jpg,mountain
20276.jpg,mountain
20277.jpg,mountain
20281.jpg,mountain
20282.jpg,mountain
20283.jpg,mountain
20285.jpg,mountain
20286.jpg,mountain
20287.jpg,mountain
20288.jpg,mountain
20289.jpg,mountain
20292.jpg,mountain
20293.jpg,mountain
20294.jpg,mountain
20296.jpg,mountain
20297.jpg,mountain
20299.jpg,mountain
20300.jpg,mountain
20303.jpg,mountain
20304.jpg,mountain
20305.jpg,mountain
20306.jpg,mountain
20307.jpg,mountain
20309.jpg,mountain
20310.jpg,mountain
20311.jpg,mountain
20313.jpg,mountain
20314.jpg,mountain
20315.jpg,mountain
20316.jpg,mountain
20317.jpg,mountain
20318.jpg,mountain
20319.jpg,mountain
20320.jpg,mountain
20322.jpg,mountain
20326.jpg,mountain
20327.jpg,mountain
20328.jpg,mountain
20329.jpg,mountain
20330.jpg,mountain
20331.jpg,mountain
20332.jpg,mountain
20333.jpg,mountain
20334.jpg,mountain
20335.jpg,mountain
20336.jpg,mountain
20337.jpg,mountain
20341.jpg,mountain
20342.jpg,mountain
20343.jpg,mountain
20344.jpg,mountain
20345.jpg,mountain
20346.jpg,mountain
20347.jpg,mountain
20348.jpg,mountain
20350.jpg,mountain
20352.jpg,mountain
20353.jpg,mountain
20355.jpg,mountain
20356.jpg,mountain
20357.jpg,mountain
20358.jpg,mountain
20359.jpg,mountain
20362.jpg,mountain
20363.jpg,mountain
20365.jpg,mountain
20366.jpg,mountain
20367.jpg,mountain
20370.jpg,mountain
20371.jpg,mountain
20372.jpg,mountain
20373.jpg,mountain
20374.jpg,mountain
20378.jpg,mountain
20379.jpg,mountain
20380.jpg,mountain
20382.jpg,mountain
20383.jpg,mountain
20384.jpg,mountain
20386.jpg,mountain
20387.jpg,mountain
20388.jpg,mountain
20389.jpg,mountain
20390.jpg,mountain
20392.jpg,mountain
20393.jpg,mountain
20394.jpg,mountain
20395.jpg,mountain
20397.jpg,mountain
20398.jpg,mountain
20400.jpg,mountain
20401.jpg,mountain
20402.jpg,mountain
20405.jpg,mountain
20406.jpg,mountain
20408.jpg,mountain
20409.jpg,mountain
20411.jpg,mountain
20413.jpg,mountain
20414.jpg,mountain
20416.jpg,mountain
20417.jpg,mountain
20418.jpg,mountain
20419.jpg,mountain
20421.jpg,mountain
20423.jpg,mountain
20424.jpg,mountain
20425.jpg,mountain
20427.jpg,mountain
20430.jpg,mountain
20431.jpg,mountain
20432.jpg,mountain
20433.jpg,mountain
20435.jpg,mountain
20436.jpg,mountain
20438.jpg,mountain
20439.jpg,mountain
20440.jpg,mountain
20441.jpg,mountain
20443.jpg,mountain
20444.jpg,mountain
20446.jpg,mountain
20447.jpg,mountain
20448.jpg,mountain
20449.jpg,mountain
20450.jpg,mountain
20454.jpg,mountain
20455.jpg,mountain
20457.jpg,mountain
20458.jpg,mountain
20459.jpg,mountain
20460.jpg,mountain
20461.jpg,mountain
20464.jpg,mountain
20465.jpg,mountain
20467.jpg,mountain
20472.jpg,mountain
20473.jpg,mountain
20474.jpg,mountain
20475.jpg,mountain
20476.jpg,mountain
20477.jpg,mountain
20479.jpg,mountain
20480.jpg,mountain
20482.jpg,mountain
20484.jpg,mountain
20485.jpg,mountain
20486.jpg,mountain
20487.jpg,mountain
20489.jpg,mountain
20490.jpg,mountain
20491.jpg,mountain
20493.jpg,mountain
20494.jpg,mountain
20495.jpg,mountain
20497.jpg,mountain
20498.jpg,mountain
20502.jpg,mountain
20504.jpg,mountain
20508.jpg,mountain
20510.jpg,mountain
20511.jpg,mountain
20512.jpg,mountain
20513.jpg,mountain
20515.jpg,mountain
20516.jpg,mountain
20517.jpg,mountain
20519.jpg,mountain
20520.jpg,mountain
20522.jpg,mountain
20524.jpg,mountain
20527.jpg,mountain
20528.jpg,mountain
20530.jpg,mountain
20531.jpg,mountain
20533.jpg,mountain
20534.jpg,mountain
20535.jpg,mountain
20536.jpg,mountain
20537.jpg,mountain
20539.jpg,mountain
20540.jpg,mountain
20541.jpg,mountain
20544.jpg,mountain
20545.jpg,mountain
20546.jpg,mountain
20549.jpg,mountain
20550.jpg,mountain
20553.jpg,mountain
20554.jpg,mountain
20555.jpg,mountain
20556.jpg,mountain
20558.jpg,mountain
20559.jpg,mountain
20560.jpg,mountain
20561.jpg,mountain
20563.jpg,mountain
20564.jpg,mountain
20565.jpg,mountain
20566.jpg,mountain
20567.jpg,mountain
20568.jpg,mountain
20570.jpg,mountain
20571.jpg,mountain
20572.jpg,mountain
20574.jpg,mountain
20575.jpg,mountain
20576.jpg,mountain
20577.jpg,mountain
20580.jpg,mountain
20581.jpg,mountain
20582.jpg,mountain
20584.jpg,mountain
20585.jpg,mountain
20586.jpg,mountain
20587.jpg,mountain
20589.jpg,mountain
20590.jpg,mountain
20591.jpg,mountain
20592.jpg,mountain
20595.jpg,mountain
20596.jpg,mountain
20597.jpg,mountain
20598.jpg,mountain
20599.jpg,mountain
20601.jpg,mountain
20602.jpg,mountain
20603.jpg,mountain
20605.jpg,mountain
20606.jpg,mountain
20608.jpg,mountain
20611.jpg,mountain
20612.jpg,mountain
20613.jpg,mountain
20615.jpg,mountain
20616.jpg,mountain
20617.jpg,mountain
20619.jpg,mountain
20620.jpg,mountain
20621.jpg,mountain
20622.jpg,mountain
20624.jpg,mountain
20626.jpg,mountain
20627.jpg,mountain
20628.jpg,mountain
20629.jpg,mountain
20630.jpg,mountain
20631.jpg,mountain
20633.jpg,mountain
20634.jpg,mountain
20635.jpg,mountain
20637.jpg,mountain
20638.jpg,mountain
20639.jpg,mountain
20640.jpg,mountain
20642.jpg,mountain
20643.jpg,mountain
20644.jpg,mountain
20646.jpg,mountain
20647.jpg,mountain
20648.jpg,mountain
20649.jpg,mountain
20650.jpg,mountain
20651.jpg,mountain
20652.jpg,mountain
20653.jpg,mountain
20655.jpg,mountain
20657.jpg,mountain
20658.jpg,mountain
20660.jpg,mountain
20662.jpg,mountain
20663.jpg,mountain
20664.jpg,mountain
20665.jpg,mountain
20666.jpg,mountain
20668.jpg,mountain
20670.jpg,mountain
20671.jpg,mountain
20672.jpg,mountain
20674.jpg,mountain
20676.jpg,mountain
20677.jpg,mountain
20678.jpg,mountain
20679.jpg,mountain
20680.jpg,mountain
20683.jpg,mountain
20684.jpg,mountain
20685.jpg,mountain
20686.jpg,mountain
20687.jpg,mountain
20688.jpg,mountain
20690.jpg,mountain
20691.jpg,mountain
20692.jpg,mountain
20694.jpg,mountain
20695.jpg,mountain
20696.jpg,mountain
20702.jpg,mountain
20703.jpg,mountain
20704.jpg,mountain
20705.jpg,mountain
20706.jpg,mountain
20709.jpg,mountain
20710.jpg,mountain
20712.jpg,mountain
20713.jpg,mountain
20714.jpg,mountain
20717.jpg,mountain
20718.jpg,mountain
20719.jpg,mountain
20720.jpg,mountain
20722.jpg,mountain
20723.jpg,mountain
20725.jpg,mountain
20726.jpg,mountain
20728.jpg,mountain
20730.jpg,mountain
20731.jpg,mountain
20732.jpg,mountain
20733.jpg,mountain
20734.jpg,mountain
20735.jpg,mountain
20737.jpg,mountain
20738.jpg,mountain
20739.jpg,mountain
20740.jpg,mountain
20741.jpg,mountain
20742.jpg,mountain
20745.jpg,mountain
20746.jpg,mountain
20748.jpg,mountain
20750.jpg,mountain
20751.jpg,mountain
20752.jpg,mountain
20753.jpg,mountain
20754.jpg,mountain
20756.jpg,mountain
20757.jpg,mountain
20759.jpg,mountain
20761.jpg,mountain
20762.jpg,mountain
20763.jpg,mountain
20764.jpg,mountain
20765.jpg,mountain
20766.jpg,mountain
20767.jpg,mountain
20769.jpg,mountain
20770.jpg,mountain
20771.jpg,mountain
20774.jpg,mountain
20776.jpg,mountain
20777.jpg,mountain
20779.jpg,mountain
20781.jpg,mountain
20782.jpg,mountain
20783.jpg,mountain
20785.jpg,mountain
20788.jpg,mountain
20794.jpg,mountain
20796.jpg,mountain
20798.jpg,mountain
20799.jpg,mountain
20800.jpg,mountain
20801.jpg,mountain
20802.jpg,mountain
20804.jpg,mountain
20805.jpg,mountain
20806.jpg,mountain
20807.jpg,mountain
20808.jpg,mountain
20810.jpg,mountain
20811.jpg,mountain
20812.jpg,mountain
20813.jpg,mountain
20815.jpg,mountain
20816.jpg,mountain
20818.jpg,mountain
20819.jpg,mountain
20820.jpg,mountain
20821.jpg,mountain
20822.jpg,mountain
20825.jpg,mountain
20826.jpg,mountain
20828.jpg,mountain
20831.jpg,mountain
20832.jpg,mountain
20833.jpg,mountain
20834.jpg,mountain
20835.jpg,mountain
20838.jpg,mountain
20840.jpg,mountain
20841.jpg,mountain
20842.jpg,mountain
20843.jpg,mountain
20844.jpg,mountain
20846.jpg,mountain
20847.jpg,mountain
20848.jpg,mountain
20851.jpg,mountain
20853.jpg,mountain
20854.jpg,mountain
20856.jpg,mountain
20857.jpg,mountain
20858.jpg,mountain
20860.jpg,mountain
20863.jpg,mountain
20864.jpg,mountain
20866.jpg,mountain
20867.jpg,mountain
20868.jpg,mountain
20869.jpg,mountain
20870.jpg,mountain
20871.jpg,mountain
20872.jpg,mountain
20873.jpg,mountain
20874.jpg,mountain
20876.jpg,mountain
20878.jpg,mountain
20879.jpg,mountain
20882.jpg,mountain
20884.jpg,mountain
20885.jpg,mountain
20887.jpg,mountain
20888.jpg,mountain
20889.jpg,mountain
20890.jpg,mountain
20892.jpg,mountain
20893.jpg,mountain
20894.jpg,mountain
20895.jpg,mountain
20896.jpg,mountain
20897.jpg,mountain
20898.jpg,mountain
20899.jpg,mountain
20900.jpg,mountain
20903.jpg,mountain
20904.jpg,mountain
20905.jpg,mountain
20906.jpg,mountain
20907.jpg,mountain
20908.jpg,mountain
20909.jpg,mountain
20910.jpg,mountain
20911.jpg,mountain
20915.jpg,mountain
20916.jpg,mountain
20917.jpg,mountain
20918.jpg,mountain
20921.jpg,mountain
20922.jpg,mountain
20924.jpg,mountain
20925.jpg,mountain
20926.jpg,mountain
20927.jpg,mountain
20928.jpg,mountain
20929.jpg,mountain
20930.jpg,mountain
20931.jpg,mountain
20933.jpg,mountain
20934.jpg,mountain
20935.jpg,mountain
20937.jpg,mountain
20938.jpg,mountain
20940.jpg,mountain
20941.jpg,mountain
20942.jpg,mountain
20944.jpg,mountain
20946.jpg,mountain
20947.jpg,mountain
20948.jpg,mountain
20949.jpg,mountain
20950.jpg,mountain
20952.jpg,mountain
20953.jpg,mountain
20954.jpg,mountain
20955.jpg,mountain
20958.jpg,mountain
20959.jpg,mountain
20960.jpg,mountain
20961.jpg,mountain
20962.jpg,mountain
20963.jpg,mountain
20965.jpg,mountain
20966.jpg,mountain
20968.jpg,mountain
20970.jpg,mountain
20971.jpg,mountain
20972.jpg,mountain
20974.jpg,mountain
20975.jpg,mountain
20976.jpg,mountain
20978.jpg,mountain
20980.jpg,mountain
20981.jpg,mountain
20982.jpg,mountain
20983.jpg,mountain
20984.jpg,mountain
20985.jpg,mountain
20986.jpg,mountain
20988.jpg,mountain
20989.jpg,mountain
20991.jpg,mountain
20992.jpg,mountain
20994.jpg,mountain
20995.jpg,mountain
20996.jpg,mountain
20998.jpg,mountain
20999.jpg,mountain
21000.jpg,mountain
21001.jpg,mountain
21004.jpg,mountain
21006.jpg,mountain
21007.jpg,mountain
21008.jpg,mountain
21011.jpg,mountain
21012.jpg,mountain
21013.jpg,mountain
21014.jpg,mountain
21016.jpg,mountain
21017.jpg,mountain
21018.jpg,mountain
21019.jpg,mountain
21020.jpg,mountain
21022.jpg,mountain
21024.jpg,mountain
21025.jpg,mountain
21027.jpg,mountain
21032.jpg,mountain
21034.jpg,mountain
21035.jpg,mountain
21036.jpg,mountain
21037.jpg,mountain
21038.jpg,mountain
21040.jpg,mountain
21041.jpg,mountain
21042.jpg,mountain
21043.jpg,mountain
21044.jpg,mountain
21045.jpg,mountain
21046.jpg,mountain
21047.jpg,mountain
21049.jpg,mountain
21052.jpg,mountain
21053.jpg,mountain
21054.jpg,mountain
21055.jpg,mountain
21058.jpg,mountain
21059.jpg,mountain
21060.jpg,mountain
21061.jpg,mountain
21062.jpg,mountain
21063.jpg,mountain
21064.jpg,mountain
21065.jpg,mountain
21066.jpg,mountain
21067.jpg,mountain
21069.jpg,mountain
21073.jpg,mountain
21076.jpg,mountain
21077.jpg,mountain
21078.jpg,mountain
21081.jpg,mountain
21083.jpg,mountain
21085.jpg,mountain
21086.jpg,mountain
21087.jpg,mountain
21090.jpg,mountain
21091.jpg,mountain
21092.jpg,mountain
21093.jpg,mountain
21095.jpg,mountain
21096.jpg,mountain
21097.jpg,mountain
21098.jpg,mountain
21099.jpg,mountain
21100.jpg,mountain
21101.jpg,mountain
21102.jpg,mountain
21104.jpg,mountain
21105.jpg,mountain
21106.jpg,mountain
21107.jpg,mountain
21108.jpg,mountain
21115.jpg,mountain
21118.jpg,mountain
21119.jpg,mountain
21120.jpg,mountain
21121.jpg,mountain
21123.jpg,mountain
21125.jpg,mountain
21126.jpg,mountain
21128.jpg,mountain
21129.jpg,mountain
21130.jpg,mountain
21135.jpg,mountain
21136.jpg,mountain
21137.jpg,mountain
21138.jpg,mountain
21139.jpg,mountain
21141.jpg,mountain
21142.jpg,mountain
21143.jpg,mountain
21144.jpg,mountain
21146.jpg,mountain
21148.jpg,mountain
21149.jpg,mountain
21150.jpg,mountain
21151.jpg,mountain
21152.jpg,mountain
21153.jpg,mountain
21154.jpg,mountain
21155.jpg,mountain
21156.jpg,mountain
21158.jpg,mountain
21159.jpg,mountain
21161.jpg,mountain
21162.jpg,mountain
21163.jpg,mountain
21167.jpg,mountain
21168.jpg,mountain
21169.jpg,mountain
21170.jpg,mountain
21173.jpg,mountain
21174.jpg,mountain
21175.jpg,mountain
21176.jpg,mountain
21177.jpg,mountain
21179.jpg,mountain
21182.jpg,mountain
21183.jpg,mountain
21185.jpg,mountain
21186.jpg,mountain
21187.jpg,mountain
21191.jpg,mountain
21192.jpg,mountain
21196.jpg,mountain
21197.jpg,mountain
21198.jpg,mountain
21199.jpg,mountain
21200.jpg,mountain
21201.jpg,mountain
21203.jpg,mountain
21206.jpg,mountain
21207.jpg,mountain
21209.jpg,mountain
21210.jpg,mountain
21212.jpg,mountain
21213.jpg,mountain
21214.jpg,mountain
21215.jpg,mountain
21216.jpg,mountain
21217.jpg,mountain
21220.jpg,mountain
21221.jpg,mountain
21222.jpg,mountain
21224.jpg,mountain
21225.jpg,mountain
21226.jpg,mountain
21227.jpg,mountain
21229.jpg,mountain
21230.jpg,mountain
21231.jpg,mountain
21232.jpg,mountain
21233.jpg,mountain
21234.jpg,mountain
21236.jpg,mountain
21237.jpg,mountain
21238.jpg,mountain
21239.jpg,mountain
21240.jpg,mountain
21241.jpg,mountain
21242.jpg,mountain
21243.jpg,mountain
21244.jpg,mountain
21245.jpg,mountain
21246.jpg,mountain
21247.jpg,mountain
21248.jpg,mountain
21250.jpg,mountain
21254.jpg,mountain
21255.jpg,mountain
21256.jpg,mountain
21257.jpg,mountain
21258.jpg,mountain
21259.jpg,mountain
21260.jpg,mountain
21262.jpg,mountain
21263.jpg,mountain
21266.jpg,mountain
21269.jpg,mountain
21271.jpg,mountain
21272.jpg,mountain
21274.jpg,mountain
21276.jpg,mountain
21277.jpg,mountain
21278.jpg,mountain
21279.jpg,mountain
21280.jpg,mountain
21281.jpg,mountain
21285.jpg,mountain
21286.jpg,mountain
21287.jpg,mountain
21288.jpg,mountain
21290.jpg,mountain
21291.jpg,mountain
21292.jpg,mountain
21293.jpg,mountain
21294.jpg,mountain
21296.jpg,mountain
21297.jpg,mountain
21298.jpg,mountain
21301.jpg,mountain
21302.jpg,mountain
21303.jpg,mountain
21304.jpg,mountain
21305.jpg,mountain
21306.jpg,mountain
21307.jpg,mountain
21309.jpg,mountain
21310.jpg,mountain
21311.jpg,mountain
21313.jpg,mountain
21314.jpg,mountain
21316.jpg,mountain
21317.jpg,mountain
21318.jpg,mountain
21319.jpg,mountain
21320.jpg,mountain
21325.jpg,mountain
21328.jpg,mountain
21329.jpg,mountain
21334.jpg,mountain
21336.jpg,mountain
21339.jpg,mountain
21340.jpg,mountain
21341.jpg,mountain
21342.jpg,mountain
21343.jpg,mountain
21344.jpg,mountain
21345.jpg,mountain
21347.jpg,mountain
21348.jpg,mountain
21349.jpg,mountain
21350.jpg,mountain
21352.jpg,mountain
21353.jpg,mountain
21354.jpg,mountain
21355.jpg,mountain
21356.jpg,mountain
21357.jpg,mountain
21358.jpg,mountain
21359.jpg,mountain
21360.jpg,mountain
21361.jpg,mountain
21362.jpg,mountain
21363.jpg,mountain
21364.jpg,mountain
21366.jpg,mountain
21367.jpg,mountain
21368.jpg,mountain
21369.jpg,mountain
21371.jpg,mountain
21373.jpg,mountain
21375.jpg,mountain
21376.jpg,mountain
21377.jpg,mountain
21378.jpg,mountain
21380.jpg,mountain
21381.jpg,mountain
21383.jpg,mountain
21385.jpg,mountain
21386.jpg,mountain
21387.jpg,mountain
21389.jpg,mountain
21390.jpg,mountain
21392.jpg,mountain
21393.jpg,mountain
21396.jpg,mountain
21399.jpg,mountain
21400.jpg,mountain
21401.jpg,mountain
21405.jpg,mountain
21406.jpg,mountain
21407.jpg,mountain
21409.jpg,mountain
21410.jpg,mountain
21411.jpg,mountain
21412.jpg,mountain
21414.jpg,mountain
21415.jpg,mountain
21417.jpg,mountain
21418.jpg,mountain
21419.jpg,mountain
21421.jpg,mountain
21422.jpg,mountain
21423.jpg,mountain
21426.jpg,mountain
21427.jpg,mountain
21428.jpg,mountain
21430.jpg,mountain
21431.jpg,mountain
21432.jpg,mountain
21433.jpg,mountain
21434.jpg,mountain
21435.jpg,mountain
21437.jpg,mountain
21442.jpg,mountain
21443.jpg,mountain
21445.jpg,mountain
21447.jpg,mountain
21448.jpg,mountain
21450.jpg,mountain
21452.jpg,mountain
21453.jpg,mountain
21454.jpg,mountain
21455.jpg,mountain
21456.jpg,mountain
21458.jpg,mountain
21459.jpg,mountain
21461.jpg,mountain
21462.jpg,mountain
21463.jpg,mountain
21464.jpg,mountain
21465.jpg,mountain
21466.jpg,mountain
21468.jpg,mountain
21469.jpg,mountain
21470.jpg,mountain
21472.jpg,mountain
21473.jpg,mountain
21475.jpg,mountain
21476.jpg,mountain
21478.jpg,mountain
21479.jpg,mountain
21480.jpg,mountain
21481.jpg,mountain
21483.jpg,mountain
21484.jpg,mountain
21485.jpg,mountain
21486.jpg,mountain
21488.jpg,mountain
21490.jpg,mountain
21491.jpg,mountain
21492.jpg,mountain
21494.jpg,mountain
21496.jpg,mountain
21497.jpg,mountain
21498.jpg,mountain
21499.jpg,mountain
21501.jpg,mountain
21503.jpg,mountain
21504.jpg,mountain
21505.jpg,mountain
21506.jpg,mountain
21507.jpg,mountain
21510.jpg,mountain
21512.jpg,mountain
21513.jpg,mountain
21514.jpg,mountain
21516.jpg,mountain
21517.jpg,mountain
21518.jpg,mountain
21519.jpg,mountain
21522.jpg,mountain
21524.jpg,mountain
21525.jpg,mountain
21526.jpg,mountain
21527.jpg,mountain
21529.jpg,mountain
21533.jpg,mountain
21535.jpg,mountain
21537.jpg,mountain
21538.jpg,mountain
21539.jpg,mountain
21542.jpg,mountain
21543.jpg,mountain
21544.jpg,mountain
21545.jpg,mountain
21546.jpg,mountain
21547.jpg,mountain
21551.jpg,mountain
21553.jpg,mountain
21554.jpg,mountain
21555.jpg,mountain
21556.jpg,mountain
21557.jpg,mountain
21558.jpg,mountain
21559.jpg,mountain
21560.jpg,mountain
21563.jpg,mountain
21564.jpg,mountain
21568.jpg,mountain
21569.jpg,mountain
21570.jpg,mountain
21572.jpg,mountain
21573.jpg,mountain
21574.jpg,mountain
21575.jpg,mountain
21576.jpg,mountain
21578.jpg,mountain
21580.jpg,mountain
21581.jpg,mountain
21583.jpg,mountain
21584.jpg,mountain
21586.jpg,mountain
21587.jpg,mountain
21589.jpg,mountain
21591.jpg,mountain
21592.jpg,mountain
21593.jpg,mountain
21596.jpg,mountain
21597.jpg,mountain
21598.jpg,mountain
21599.jpg,mountain
21600.jpg,mountain
21601.jpg,mountain
21603.jpg,mountain
21604.jpg,mountain
21605.jpg,mountain
21607.jpg,mountain
21609.jpg,mountain
21610.jpg,mountain
21611.jpg,mountain
21612.jpg,mountain
21613.jpg,mountain
21614.jpg,mountain
21615.jpg,mountain
21617.jpg,mountain
21618.jpg,mountain
21620.jpg,mountain
21621.jpg,mountain
21623.jpg,mountain
21624.jpg,mountain
21627.jpg,mountain
21630.jpg,mountain
21631.jpg,mountain
21632.jpg,mountain
21633.jpg,mountain
21634.jpg,mountain
21635.jpg,mountain
21638.jpg,mountain
21639.jpg,mountain
21640.jpg,mountain
21641.jpg,mountain
21643.jpg,mountain
21644.jpg,mountain
21645.jpg,mountain
21646.jpg,mountain
21647.jpg,mountain
21648.jpg,mountain
21649.jpg,mountain
21650.jpg,mountain
21651.jpg,mountain
21653.jpg,mountain
21655.jpg,mountain
21656.jpg,mountain
21657.jpg,mountain
21658.jpg,mountain
21659.jpg,mountain
21660.jpg,mountain
21662.jpg,mountain
21663.jpg,mountain
21664.jpg,mountain
21665.jpg,mountain
21666.jpg,mountain
21669.jpg,mountain
21670.jpg,mountain
21671.jpg,mountain
21674.jpg,mountain
21675.jpg,mountain
21676.jpg,mountain
21677.jpg,mountain
21678.jpg,mountain
21680.jpg,mountain
21682.jpg,mountain
21683.jpg,mountain
21684.jpg,mountain
21685.jpg,mountain
21686.jpg,mountain
21688.jpg,mountain
21689.jpg,mountain
21691.jpg,mountain
21694.jpg,mountain
21695.jpg,mountain
21697.jpg,mountain
21699.jpg,mountain
21701.jpg,mountain
21702.jpg,mountain
21703.jpg,mountain
21706.jpg,mountain
21707.jpg,mountain
21710.jpg,mountain
21711.jpg,mountain
21712.jpg,mountain
21714.jpg,mountain
21715.jpg,mountain
21717.jpg,mountain
21719.jpg,mountain
21720.jpg,mountain
21721.jpg,mountain
21722.jpg,mountain
21723.jpg,mountain
21724.jpg,mountain
21725.jpg,mountain
21726.jpg,mountain
21727.jpg,mountain
21729.jpg,mountain
21730.jpg,mountain
21731.jpg,mountain
21734.jpg,mountain
21735.jpg,mountain
21736.jpg,mountain
21737.jpg,mountain
21738.jpg,mountain
21740.jpg,mountain
21743.jpg,mountain
21744.jpg,mountain
21745.jpg,mountain
21747.jpg,mountain
21749.jpg,mountain
21750.jpg,mountain
21751.jpg,mountain
21754.jpg,mountain
21756.jpg,mountain
21759.jpg,mountain
21761.jpg,mountain
21762.jpg,mountain
21763.jpg,mountain
21764.jpg,mountain
21765.jpg,mountain
21766.jpg,mountain
21768.jpg,mountain
21769.jpg,mountain
21770.jpg,mountain
21771.jpg,mountain
21772.jpg,mountain
21774.jpg,mountain
21775.jpg,mountain
21776.jpg,mountain
21777.jpg,mountain
21779.jpg,mountain
21780.jpg,mountain
21781.jpg,mountain
21783.jpg,mountain
21784.jpg,mountain
21787.jpg,mountain
21788.jpg,mountain
21789.jpg,mountain
21790.jpg,mountain
21792.jpg,mountain
21793.jpg,mountain
21794.jpg,mountain
21797.jpg,mountain
21798.jpg,mountain
21799.jpg,mountain
21800.jpg,mountain
21801.jpg,mountain
21804.jpg,mountain
21805.jpg,mountain
21806.jpg,mountain
21807.jpg,mountain
21808.jpg,mountain
21810.jpg,mountain
21811.jpg,mountain
21812.jpg,mountain
21813.jpg,mountain
21814.jpg,mountain
21816.jpg,mountain
21817.jpg,mountain
21818.jpg,mountain
21819.jpg,mountain
21824.jpg,mountain
21826.jpg,mountain
21827.jpg,mountain
21828.jpg,mountain
21829.jpg,mountain
21832.jpg,mountain
21837.jpg,mountain
21840.jpg,mountain
21841.jpg,mountain
21842.jpg,mountain
21843.jpg,mountain
21844.jpg,mountain
21845.jpg,mountain
21846.jpg,mountain
21849.jpg,mountain
21851.jpg,mountain
21852.jpg,mountain
21853.jpg,mountain
21855.jpg,mountain
21856.jpg,mountain
21857.jpg,mountain
21858.jpg,mountain
21859.jpg,mountain
21860.jpg,mountain
21861.jpg,mountain
21862.jpg,mountain
21864.jpg,mountain
21865.jpg,mountain
21866.jpg,mountain
21868.jpg,mountain
21870.jpg,mountain
21872.jpg,mountain
21873.jpg,mountain
21874.jpg,mountain
21875.jpg,mountain
21876.jpg,mountain
21879.jpg,mountain
21881.jpg,mountain
21884.jpg,mountain
21885.jpg,mountain
21887.jpg,mountain
21889.jpg,mountain
21890.jpg,mountain
21892.jpg,mountain
21893.jpg,mountain
21894.jpg,mountain
21895.jpg,mountain
21896.jpg,mountain
21897.jpg,mountain
21898.jpg,mountain
21900.jpg,mountain
21903.jpg,mountain
21904.jpg,mountain
21905.jpg,mountain
21906.jpg,mountain
21907.jpg,mountain
21908.jpg,mountain
21909.jpg,mountain
21910.jpg,mountain
21911.jpg,mountain
21912.jpg,mountain
21913.jpg,mountain
21915.jpg,mountain
21916.jpg,mountain
21917.jpg,mountain
21918.jpg,mountain
21919.jpg,mountain
21921.jpg,mountain
21923.jpg,mountain
21924.jpg,mountain
21926.jpg,mountain
21929.jpg,mountain
21932.jpg,mountain
21933.jpg,mountain
21934.jpg,mountain
21935.jpg,mountain
21936.jpg,mountain
21937.jpg,mountain
21940.jpg,mountain
21941.jpg,mountain
21942.jpg,mountain
21943.jpg,mountain
21945.jpg,mountain
21947.jpg,mountain
21948.jpg,mountain
21949.jpg,mountain
21950.jpg,mountain
21954.jpg,mountain
21955.jpg,mountain
21956.jpg,mountain
21957.jpg,mountain
21959.jpg,mountain
21960.jpg,mountain
21961.jpg,mountain
21962.jpg,mountain
21964.jpg,mountain
21965.jpg,mountain
21967.jpg,mountain
21970.jpg,mountain
21972.jpg,mountain
21973.jpg,mountain
21977.jpg,mountain
21978.jpg,mountain
21979.jpg,mountain
21981.jpg,mountain
21982.jpg,mountain
21983.jpg,mountain
21984.jpg,mountain
21985.jpg,mountain
21986.jpg,mountain
21987.jpg,mountain
21989.jpg,mountain
21990.jpg,mountain
21991.jpg,mountain
21992.jpg,mountain
21993.jpg,mountain
21994.jpg,mountain
21995.jpg,mountain
21996.jpg,mountain
21999.jpg,mountain
22000.jpg,mountain
22001.jpg,mountain
22003.jpg,mountain
22004.jpg,mountain
22005.jpg,mountain
22009.jpg,mountain
22011.jpg,mountain
22012.jpg,mountain
22014.jpg,mountain
22015.jpg,mountain
22017.jpg,mountain
22019.jpg,mountain
22020.jpg,mountain
22021.jpg,mountain
22022.jpg,mountain
22024.jpg,mountain
22025.jpg,mountain
22026.jpg,mountain
22027.jpg,mountain
22028.jpg,mountain
22029.jpg,mountain
22030.jpg,mountain
22031.jpg,mountain
22032.jpg,mountain
22034.jpg,mountain
22035.jpg,mountain
22036.jpg,mountain
22037.jpg,mountain
22038.jpg,mountain
22040.jpg,mountain
22042.jpg,mountain
22043.jpg,mountain
22045.jpg,mountain
22046.jpg,mountain
22048.jpg,mountain
22050.jpg,mountain
22051.jpg,mountain
22054.jpg,mountain
22057.jpg,mountain
22058.jpg,mountain
22062.jpg,mountain
22063.jpg,mountain
22064.jpg,mountain
22065.jpg,mountain
22066.jpg,mountain
22068.jpg,mountain
22070.jpg,mountain
22071.jpg,mountain
22072.jpg,mountain
22073.jpg,mountain
22074.jpg,mountain
22076.jpg,mountain
22078.jpg,mountain
22079.jpg,mountain
22082.jpg,mountain
22083.jpg,mountain
22085.jpg,mountain
22086.jpg,mountain
22087.jpg,mountain
22088.jpg,mountain
22089.jpg,mountain
22090.jpg,mountain
22091.jpg,mountain
22092.jpg,mountain
22093.jpg,mountain
22095.jpg,mountain
22096.jpg,mountain
22097.jpg,mountain
22098.jpg,mountain
22099.jpg,mountain
22100.jpg,mountain
22101.jpg,mountain
22102.jpg,mountain
22103.jpg,mountain
22104.jpg,mountain
22105.jpg,mountain
22107.jpg,mountain
22109.jpg,mountain
22110.jpg,mountain
22111.jpg,mountain
22112.jpg,mountain
22115.jpg,mountain
22116.jpg,mountain
22117.jpg,mountain
22119.jpg,mountain
22120.jpg,mountain
22121.jpg,mountain
22123.jpg,mountain
22124.jpg,mountain
22125.jpg,mountain
22126.jpg,mountain
22127.jpg,mountain
22128.jpg,mountain
22129.jpg,mountain
22130.jpg,mountain
22132.jpg,mountain
22133.jpg,mountain
22134.jpg,mountain
22136.jpg,mountain
22137.jpg,mountain
22138.jpg,mountain
22139.jpg,mountain
22140.jpg,mountain
22141.jpg,mountain
22143.jpg,mountain
22144.jpg,mountain
22145.jpg,mountain
22147.jpg,mountain
22149.jpg,mountain
22150.jpg,mountain
22152.jpg,mountain
22153.jpg,mountain
22154.jpg,mountain
22156.jpg,mountain
22157.jpg,mountain
22158.jpg,mountain
22159.jpg,mountain
22160.jpg,mountain
22161.jpg,mountain
22162.jpg,mountain
22163.jpg,mountain
22165.jpg,mountain
22166.jpg,mountain
22167.jpg,mountain
22168.jpg,mountain
22169.jpg,mountain
22171.jpg,mountain
22172.jpg,mountain
22173.jpg,mountain
22175.jpg,mountain
22176.jpg,mountain
22177.jpg,mountain
22179.jpg,mountain
22180.jpg,mountain
22182.jpg,mountain
22183.jpg,mountain
22184.jpg,mountain
22185.jpg,mountain
22186.jpg,mountain
22187.jpg,mountain
22188.jpg,mountain
22189.jpg,mountain
22191.jpg,mountain
22192.jpg,mountain
22193.jpg,mountain
22196.jpg,mountain
22197.jpg,mountain
22198.jpg,mountain
22199.jpg,mountain
22200.jpg,mountain
22201.jpg,mountain
22202.jpg,mountain
22203.jpg,mountain
22204.jpg,mountain
22205.jpg,mountain
22207.jpg,mountain
22208.jpg,mountain
22209.jpg,mountain
22210.jpg,mountain
22212.jpg,mountain
22214.jpg,mountain
22215.jpg,mountain
22216.jpg,mountain
22219.jpg,mountain
22220.jpg,mountain
22221.jpg,mountain
22222.jpg,mountain
22223.jpg,mountain
22227.jpg,mountain
22228.jpg,mountain
22230.jpg,mountain
22231.jpg,mountain
22232.jpg,mountain
22233.jpg,mountain
22234.jpg,mountain
22235.jpg,mountain
22237.jpg,mountain
22239.jpg,mountain
22240.jpg,mountain
22241.jpg,mountain
22243.jpg,mountain
22245.jpg,mountain
22246.jpg,mountain
22247.jpg,mountain
22249.jpg,mountain
22250.jpg,mountain
22251.jpg,mountain
22252.jpg,mountain
22253.jpg,mountain
22254.jpg,mountain
22255.jpg,mountain
22256.jpg,mountain
22257.jpg,mountain
22258.jpg,mountain
22259.jpg,mountain
22260.jpg,mountain
22261.jpg,mountain
22262.jpg,mountain
22264.jpg,mountain
22265.jpg,mountain
22266.jpg,mountain
22267.jpg,mountain
22268.jpg,mountain
22269.jpg,mountain
22271.jpg,mountain
22272.jpg,mountain
22273.jpg,mountain
22276.jpg,mountain
22277.jpg,mountain
22278.jpg,mountain
22279.jpg,mountain
22280.jpg,mountain
22283.jpg,mountain
22284.jpg,mountain
22286.jpg,mountain
22289.jpg,mountain
22290.jpg,mountain
22291.jpg,mountain
22293.jpg,mountain
22294.jpg,mountain
22295.jpg,mountain
22296.jpg,mountain
22299.jpg,mountain
22301.jpg,mountain
22304.jpg,mountain
22306.jpg,mountain
22307.jpg,mountain
22308.jpg,mountain
22309.jpg,mountain
22310.jpg,mountain
22311.jpg,mountain
22314.jpg,mountain
22315.jpg,mountain
22316.jpg,mountain
22317.jpg,mountain
22318.jpg,mountain
22320.jpg,mountain
22321.jpg,mountain
22322.jpg,mountain
22325.jpg,mountain
22326.jpg,mountain
22328.jpg,mountain
22329.jpg,mountain
22330.jpg,mountain
22331.jpg,mountain
22335.jpg,mountain
22336.jpg,mountain
22337.jpg,mountain
22338.jpg,mountain
22339.jpg,mountain
22340.jpg,mountain
22341.jpg,mountain
22342.jpg,mountain
22343.jpg,mountain
22345.jpg,mountain
22346.jpg,mountain
22347.jpg,mountain
22349.jpg,mountain
22350.jpg,mountain
22351.jpg,mountain
22353.jpg,mountain
22354.jpg,mountain
22355.jpg,mountain
22356.jpg,mountain
22357.jpg,mountain
22358.jpg,mountain
22360.jpg,mountain
22362.jpg,mountain
22366.jpg,mountain
22368.jpg,mountain
22369.jpg,mountain
22370.jpg,mountain
22372.jpg,mountain
22373.jpg,mountain
22374.jpg,mountain
22375.jpg,mountain
22376.jpg,mountain
22377.jpg,mountain
22378.jpg,mountain
22379.jpg,mountain
22380.jpg,mountain
22382.jpg,mountain
22383.jpg,mountain
22384.jpg,mountain
22385.jpg,mountain
22386.jpg,mountain
22387.jpg,mountain
22388.jpg,mountain
22389.jpg,mountain
22390.jpg,mountain
22391.jpg,mountain
22393.jpg,mountain
22394.jpg,mountain
22398.jpg,mountain
22399.jpg,mountain
22400.jpg,mountain
22401.jpg,mountain
22405.jpg,mountain
22406.jpg,mountain
22408.jpg,mountain
22409.jpg,mountain
22410.jpg,mountain
22411.jpg,mountain
22412.jpg,mountain
22414.jpg,mountain
22415.jpg,mountain
22416.jpg,mountain
22417.jpg,mountain
22420.jpg,mountain
22421.jpg,mountain
22423.jpg,mountain
22424.jpg,mountain
22425.jpg,mountain
22426.jpg,mountain
22427.jpg,mountain
22428.jpg,mountain
22431.jpg,mountain
22432.jpg,mountain
22433.jpg,mountain
22434.jpg,mountain
22436.jpg,mountain
22437.jpg,mountain
22438.jpg,mountain
22439.jpg,mountain
22440.jpg,mountain
22441.jpg,mountain
22442.jpg,mountain
22444.jpg,mountain
22446.jpg,mountain
22447.jpg,mountain
22448.jpg,mountain
22450.jpg,mountain
22451.jpg,mountain
22452.jpg,mountain
22453.jpg,mountain
22455.jpg,mountain
22457.jpg,mountain
22458.jpg,mountain
22459.jpg,mountain
22460.jpg,mountain
22461.jpg,mountain
22462.jpg,mountain
22464.jpg,mountain
22465.jpg,mountain
22467.jpg,mountain
22469.jpg,mountain
22470.jpg,mountain
22471.jpg,mountain
22472.jpg,mountain
22473.jpg,mountain
22475.jpg,mountain
22476.jpg,mountain
22478.jpg,mountain
22479.jpg,mountain
22481.jpg,mountain
22483.jpg,mountain
22484.jpg,mountain
22486.jpg,mountain
22487.jpg,mountain
22488.jpg,mountain
22490.jpg,mountain
22491.jpg,mountain
22493.jpg,mountain
22494.jpg,mountain
22495.jpg,mountain
22496.jpg,mountain
22500.jpg,mountain
22501.jpg,mountain
22502.jpg,mountain
22503.jpg,mountain
22504.jpg,mountain
22506.jpg,mountain
22508.jpg,mountain
22510.jpg,mountain
22511.jpg,mountain
22512.jpg,mountain
22513.jpg,mountain
22514.jpg,mountain
22515.jpg,mountain
22516.jpg,mountain
22517.jpg,mountain
22518.jpg,mountain
22520.jpg,mountain
22522.jpg,mountain
22525.jpg,mountain
22526.jpg,mountain
22527.jpg,mountain
22528.jpg,mountain
22531.jpg,mountain
22534.jpg,mountain
22536.jpg,mountain
22537.jpg,mountain
22538.jpg,mountain
22539.jpg,mountain
22540.jpg,mountain
22542.jpg,mountain
22543.jpg,mountain
22545.jpg,mountain
22546.jpg,mountain
22547.jpg,mountain
22550.jpg,mountain
22552.jpg,mountain
22553.jpg,mountain
22555.jpg,mountain
22556.jpg,mountain
22557.jpg,mountain
22558.jpg,mountain
22562.jpg,mountain
22563.jpg,mountain
22564.jpg,mountain
22565.jpg,mountain
22567.jpg,mountain
22568.jpg,mountain
22569.jpg,mountain
22570.jpg,mountain
22571.jpg,mountain
22572.jpg,mountain
22574.jpg,mountain
22575.jpg,mountain
22576.jpg,mountain
22577.jpg,mountain
22580.jpg,mountain
22581.jpg,mountain
22583.jpg,mountain
22585.jpg,mountain
22586.jpg,mountain
22587.jpg,mountain
22588.jpg,mountain
22589.jpg,mountain
22592.jpg,mountain
22593.jpg,mountain
22595.jpg,mountain
22596.jpg,mountain
22597.jpg,mountain
22598.jpg,mountain
22599.jpg,mountain
22600.jpg,mountain
22602.jpg,mountain
22603.jpg,mountain
22606.jpg,mountain
22608.jpg,mountain
22609.jpg,mountain
22614.jpg,mountain
22616.jpg,mountain
22617.jpg,mountain
22619.jpg,mountain
22620.jpg,mountain
22623.jpg,mountain
22624.jpg,mountain
22625.jpg,mountain
22626.jpg,mountain
22628.jpg,mountain
22629.jpg,mountain
22631.jpg,mountain
22632.jpg,mountain
22633.jpg,mountain
22634.jpg,mountain
22635.jpg,mountain
22636.jpg,mountain
22637.jpg,mountain
22639.jpg,mountain
22640.jpg,mountain
22642.jpg,mountain
22643.jpg,mountain
22644.jpg,mountain
22645.jpg,mountain
22646.jpg,mountain
22647.jpg,mountain
22648.jpg,mountain
22650.jpg,mountain
22652.jpg,mountain
22653.jpg,mountain
22654.jpg,mountain
22655.jpg,mountain
22656.jpg,mountain
22657.jpg,mountain
22660.jpg,mountain
22661.jpg,mountain
22663.jpg,mountain
22664.jpg,mountain
22665.jpg,mountain
22666.jpg,mountain
22667.jpg,mountain
22668.jpg,mountain
22669.jpg,mountain
22670.jpg,mountain
22671.jpg,mountain
22672.jpg,mountain
22673.jpg,mountain
22675.jpg,mountain
22676.jpg,mountain
22677.jpg,mountain
22678.jpg,mountain
22679.jpg,mountain
22681.jpg,mountain
22683.jpg,mountain
22685.jpg,mountain
22686.jpg,mountain
22687.jpg,mountain
22688.jpg,mountain
22689.jpg,mountain
22690.jpg,mountain
22691.jpg,mountain
22692.jpg,mountain
22694.jpg,mountain
22695.jpg,mountain
22696.jpg,mountain
22699.jpg,mountain
22700.jpg,mountain
22702.jpg,mountain
22703.jpg,mountain
22705.jpg,mountain
22706.jpg,mountain
22707.jpg,mountain
22708.jpg,mountain
22709.jpg,mountain
22710.jpg,mountain
22711.jpg,mountain
22712.jpg,mountain
22716.jpg,mountain
22717.jpg,mountain
22718.jpg,mountain
22719.jpg,mountain
22720.jpg,mountain
22721.jpg,mountain
22722.jpg,mountain
22723.jpg,mountain
22724.jpg,mountain
22725.jpg,mountain
22727.jpg,mountain
22730.jpg,mountain
22731.jpg,mountain
22732.jpg,mountain
22734.jpg,mountain
22735.jpg,mountain
22736.jpg,mountain
22737.jpg,mountain
22738.jpg,mountain
22740.jpg,mountain
22741.jpg,mountain
22742.jpg,mountain
22745.jpg,mountain
22746.jpg,mountain
22747.jpg,mountain
22748.jpg,mountain
22753.jpg,mountain
22754.jpg,mountain
22755.jpg,mountain
22756.jpg,mountain
22759.jpg,mountain
22760.jpg,mountain
22761.jpg,mountain
22763.jpg,mountain
22764.jpg,mountain
22765.jpg,mountain
22766.jpg,mountain
22767.jpg,mountain
22768.jpg,mountain
22769.jpg,mountain
22771.jpg,mountain
22774.jpg,mountain
22775.jpg,mountain
22776.jpg,mountain
22777.jpg,mountain
22778.jpg,mountain
22779.jpg,mountain
22780.jpg,mountain
22782.jpg,mountain
22784.jpg,mountain
22786.jpg,mountain
22789.jpg,mountain
22790.jpg,mountain
22797.jpg,mountain
22799.jpg,mountain
22800.jpg,mountain
22801.jpg,mountain
22804.jpg,mountain
22805.jpg,mountain
22807.jpg,mountain
22809.jpg,mountain
22810.jpg,mountain
22811.jpg,mountain
22812.jpg,mountain
22813.jpg,mountain
22814.jpg,mountain
22817.jpg,mountain
22818.jpg,mountain
22819.jpg,mountain
22820.jpg,mountain
22821.jpg,mountain
22822.jpg,mountain
22823.jpg,mountain
22824.jpg,mountain
22826.jpg,mountain
22827.jpg,mountain
22829.jpg,mountain
22830.jpg,mountain
22831.jpg,mountain
22832.jpg,mountain
22833.jpg,mountain
22834.jpg,mountain
22836.jpg,mountain
22837.jpg,mountain
22839.jpg,mountain
22842.jpg,mountain
22843.jpg,mountain
22844.jpg,mountain
22845.jpg,mountain
22846.jpg,mountain
22847.jpg,mountain
22848.jpg,mountain
22849.jpg,mountain
22850.jpg,mountain
22851.jpg,mountain
22852.jpg,mountain
22854.jpg,mountain
22855.jpg,mountain
22856.jpg,mountain
22857.jpg,mountain
22858.jpg,mountain
22859.jpg,mountain
22860.jpg,mountain
22862.jpg,mountain
22864.jpg,mountain
22866.jpg,mountain
22867.jpg,mountain
22868.jpg,mountain
22869.jpg,mountain
22870.jpg,mountain
22871.jpg,mountain
22875.jpg,mountain
22876.jpg,mountain
22877.jpg,mountain
22879.jpg,mountain
22881.jpg,mountain
22882.jpg,mountain
22883.jpg,mountain
22884.jpg,mountain
22885.jpg,mountain
22886.jpg,mountain
22887.jpg,mountain
22890.jpg,mountain
22891.jpg,mountain
22893.jpg,mountain
22895.jpg,mountain
22896.jpg,mountain
22897.jpg,mountain
22898.jpg,mountain
22899.jpg,mountain
22900.jpg,mountain
22903.jpg,mountain
22907.jpg,mountain
22908.jpg,mountain
22911.jpg,mountain
22912.jpg,mountain
22913.jpg,mountain
22915.jpg,mountain
22917.jpg,mountain
22919.jpg,mountain
22920.jpg,mountain
22921.jpg,mountain
22924.jpg,mountain
22925.jpg,mountain
22927.jpg,mountain
22928.jpg,mountain
22930.jpg,mountain
22933.jpg,mountain
22934.jpg,mountain
22935.jpg,mountain
22936.jpg,mountain
22938.jpg,mountain
22941.jpg,mountain
22942.jpg,mountain
22943.jpg,mountain
22944.jpg,mountain
22947.jpg,mountain
22948.jpg,mountain
22949.jpg,mountain
22950.jpg,mountain
22951.jpg,mountain
22952.jpg,mountain
22953.jpg,mountain
22954.jpg,mountain
22955.jpg,mountain
22956.jpg,mountain
22958.jpg,mountain
22959.jpg,mountain
22960.jpg,mountain
22961.jpg,mountain
22962.jpg,mountain
22963.jpg,mountain
22964.jpg,mountain
22965.jpg,mountain
22966.jpg,mountain
22967.jpg,mountain
22969.jpg,mountain
22970.jpg,mountain
22971.jpg,mountain
22973.jpg,mountain
22974.jpg,mountain
22976.jpg,mountain
22977.jpg,mountain
22978.jpg,mountain
22980.jpg,mountain
22982.jpg,mountain
22983.jpg,mountain
22986.jpg,mountain
22987.jpg,mountain
22988.jpg,mountain
22989.jpg,mountain
22990.jpg,mountain
22991.jpg,mountain
22992.jpg,mountain
22993.jpg,mountain
22994.jpg,mountain
22995.jpg,mountain
22996.jpg,mountain
22997.jpg,mountain
22998.jpg,mountain
23001.jpg,mountain
23002.jpg,mountain
23003.jpg,mountain
23004.jpg,mountain
23005.jpg,mountain
23006.jpg,mountain
23008.jpg,mountain
23009.jpg,mountain
23011.jpg,mountain
23012.jpg,mountain
23014.jpg,mountain
23016.jpg,mountain
23018.jpg,mountain
23022.jpg,mountain
23023.jpg,mountain
23024.jpg,mountain
23026.jpg,mountain
23027.jpg,mountain
23031.jpg,mountain
23032.jpg,mountain
23033.jpg,mountain
23036.jpg,mountain
23037.jpg,mountain
23040.jpg,mountain
23041.jpg,mountain
23042.jpg,mountain
23044.jpg,mountain
23045.jpg,mountain
23047.jpg,mountain
23048.jpg,mountain
23049.jpg,mountain
23051.jpg,mountain
23052.jpg,mountain
23053.jpg,mountain
23055.jpg,mountain
23058.jpg,mountain
23060.jpg,mountain
23061.jpg,mountain
23062.jpg,mountain
23065.jpg,mountain
23067.jpg,mountain
23068.jpg,mountain
23069.jpg,mountain
23070.jpg,mountain
23072.jpg,mountain
23073.jpg,mountain
23075.jpg,mountain
23076.jpg,mountain
23079.jpg,mountain
23084.jpg,mountain
23087.jpg,mountain
23088.jpg,mountain
23089.jpg,mountain
23090.jpg,mountain
23091.jpg,mountain
23093.jpg,mountain
23094.jpg,mountain
23096.jpg,mountain
23097.jpg,mountain
23098.jpg,mountain
23100.jpg,mountain
23101.jpg,mountain
23102.jpg,mountain
23103.jpg,mountain
23104.jpg,mountain
23105.jpg,mountain
23106.jpg,mountain
23107.jpg,mountain
23108.jpg,mountain
23109.jpg,mountain
23110.jpg,mountain
23111.jpg,mountain
23114.jpg,mountain
23116.jpg,mountain
23117.jpg,mountain
23118.jpg,mountain
23119.jpg,mountain
23122.jpg,mountain
23123.jpg,mountain
23124.jpg,mountain
23125.jpg,mountain
23126.jpg,mountain
23127.jpg,mountain
23130.jpg,mountain
23131.jpg,mountain
23133.jpg,mountain
23135.jpg,mountain
23136.jpg,mountain
23137.jpg,mountain
23138.jpg,mountain
23139.jpg,mountain
23141.jpg,mountain
23143.jpg,mountain
23144.jpg,mountain
23148.jpg,mountain
23149.jpg,mountain
23150.jpg,mountain
23151.jpg,mountain
23153.jpg,mountain
23154.jpg,mountain
23155.jpg,mountain
23156.jpg,mountain
23157.jpg,mountain
23159.jpg,mountain
23160.jpg,mountain
23161.jpg,mountain
23162.jpg,mountain
23163.jpg,mountain
23164.jpg,mountain
23165.jpg,mountain
23166.jpg,mountain
23167.jpg,mountain
23169.jpg,mountain
23171.jpg,mountain
23172.jpg,mountain
23174.jpg,mountain
23175.jpg,mountain
23176.jpg,mountain
23177.jpg,mountain
23179.jpg,mountain
23180.jpg,mountain
23181.jpg,mountain
23182.jpg,mountain
23183.jpg,mountain
23185.jpg,mountain
23186.jpg,mountain
23187.jpg,mountain
23188.jpg,mountain
23189.jpg,mountain
23191.jpg,mountain
23192.jpg,mountain
23193.jpg,mountain
23194.jpg,mountain
23195.jpg,mountain
23201.jpg,mountain
23205.jpg,mountain
23207.jpg,mountain
23208.jpg,mountain
23209.jpg,mountain
23210.jpg,mountain
23211.jpg,mountain
23212.jpg,mountain
23213.jpg,mountain
23215.jpg,mountain
23218.jpg,mountain
23219.jpg,mountain
23220.jpg,mountain
23221.jpg,mountain
23222.jpg,mountain
23223.jpg,mountain
23224.jpg,mountain
23225.jpg,mountain
23226.jpg,mountain
23227.jpg,mountain
23228.jpg,mountain
23229.jpg,mountain
23230.jpg,mountain
23232.jpg,mountain
23233.jpg,mountain
23234.jpg,mountain
23236.jpg,mountain
23237.jpg,mountain
23240.jpg,mountain
23241.jpg,mountain
23242.jpg,mountain
23243.jpg,mountain
23244.jpg,mountain
23245.jpg,mountain
23246.jpg,mountain
23247.jpg,mountain
23248.jpg,mountain
23250.jpg,mountain
23253.jpg,mountain
23254.jpg,mountain
23255.jpg,mountain
23256.jpg,mountain
23257.jpg,mountain
23259.jpg,mountain
23260.jpg,mountain
23261.jpg,mountain
23262.jpg,mountain
23263.jpg,mountain
23265.jpg,mountain
23266.jpg,mountain
23268.jpg,mountain
23269.jpg,mountain
23270.jpg,mountain
23271.jpg,mountain
23272.jpg,mountain
23273.jpg,mountain
23274.jpg,mountain
23275.jpg,mountain
23276.jpg,mountain
23277.jpg,mountain
23280.jpg,mountain
23281.jpg,mountain
23282.jpg,mountain
23283.jpg,mountain
23284.jpg,mountain
23285.jpg,mountain
23286.jpg,mountain
23287.jpg,mountain
23289.jpg,mountain
23290.jpg,mountain
23291.jpg,mountain
23292.jpg,mountain
23293.jpg,mountain
23294.jpg,mountain
23295.jpg,mountain
23296.jpg,mountain
23297.jpg,mountain
23298.jpg,mountain
23299.jpg,mountain
23301.jpg,mountain
23304.jpg,mountain
23306.jpg,mountain
23308.jpg,mountain
23309.jpg,mountain
23310.jpg,mountain
23312.jpg,mountain
23314.jpg,mountain
23315.jpg,mountain
23316.jpg,mountain
23317.jpg,mountain
23318.jpg,mountain
23319.jpg,mountain
23320.jpg,mountain
23321.jpg,mountain
23322.jpg,mountain
23324.jpg,mountain
23325.jpg,mountain
23327.jpg,mountain
23328.jpg,mountain
23329.jpg,mountain
23332.jpg,mountain
23333.jpg,mountain
23334.jpg,mountain
23336.jpg,mountain
23337.jpg,mountain
23338.jpg,mountain
23339.jpg,mountain
23342.jpg,mountain
23343.jpg,mountain
23344.jpg,mountain
23346.jpg,mountain
23348.jpg,mountain
23349.jpg,mountain
23351.jpg,mountain
23353.jpg,mountain
23355.jpg,mountain
23359.jpg,mountain
23360.jpg,mountain
23361.jpg,mountain
23362.jpg,mountain
23363.jpg,mountain
23365.jpg,mountain
23366.jpg,mountain
23367.jpg,mountain
23368.jpg,mountain
23369.jpg,mountain
23370.jpg,mountain
23371.jpg,mountain
23373.jpg,mountain
23375.jpg,mountain
23376.jpg,mountain
23377.jpg,mountain
23380.jpg,mountain
23381.jpg,mountain
23382.jpg,mountain
23383.jpg,mountain
23384.jpg,mountain
23385.jpg,mountain
23386.jpg,mountain
23387.jpg,mountain
23388.jpg,mountain
23389.jpg,mountain
23390.jpg,mountain
23392.jpg,mountain
23393.jpg,mountain
23398.jpg,mountain
23400.jpg,mountain
23401.jpg,mountain
23402.jpg,mountain
23404.jpg,mountain
23405.jpg,mountain
23406.jpg,mountain
23407.jpg,mountain
23408.jpg,mountain
23409.jpg,mountain
23411.jpg,mountain
23413.jpg,mountain
23416.jpg,mountain
23417.jpg,mountain
23418.jpg,mountain
23419.jpg,mountain
23420.jpg,mountain
23421.jpg,mountain
23423.jpg,mountain
23427.jpg,mountain
23428.jpg,mountain
23429.jpg,mountain
23430.jpg,mountain
23431.jpg,mountain
23432.jpg,mountain
23433.jpg,mountain
23435.jpg,mountain
23436.jpg,mountain
23437.jpg,mountain
23441.jpg,mountain
23442.jpg,mountain
23443.jpg,mountain
23444.jpg,mountain
23445.jpg,mountain
23446.jpg,mountain
23447.jpg,mountain
23448.jpg,mountain
23450.jpg,mountain
23451.jpg,mountain
23452.jpg,mountain
23453.jpg,mountain
23454.jpg,mountain
23455.jpg,mountain
23456.jpg,mountain
23457.jpg,mountain
23458.jpg,mountain
23459.jpg,mountain
23461.jpg,mountain
23462.jpg,mountain
23463.jpg,mountain
23464.jpg,mountain
23465.jpg,mountain
23466.jpg,mountain
23469.jpg,mountain
23470.jpg,mountain
23471.jpg,mountain
23472.jpg,mountain
23473.jpg,mountain
23474.jpg,mountain
23475.jpg,mountain
23476.jpg,mountain
23477.jpg,mountain
23478.jpg,mountain
23481.jpg,mountain
23484.jpg,mountain
23486.jpg,mountain
23487.jpg,mountain
23489.jpg,mountain
23490.jpg,mountain
23491.jpg,mountain
23492.jpg,mountain
23495.jpg,mountain
23496.jpg,mountain
23497.jpg,mountain
23498.jpg,mountain
23499.jpg,mountain
23502.jpg,mountain
23503.jpg,mountain
23505.jpg,mountain
23507.jpg,mountain
23509.jpg,mountain
23510.jpg,mountain
23511.jpg,mountain
23512.jpg,mountain
23515.jpg,mountain
23516.jpg,mountain
23520.jpg,mountain
23521.jpg,mountain
23522.jpg,mountain
23527.jpg,mountain
23528.jpg,mountain
23529.jpg,mountain
23530.jpg,mountain
23531.jpg,mountain
23534.jpg,mountain
23535.jpg,mountain
23536.jpg,mountain
23537.jpg,mountain
23538.jpg,mountain
23540.jpg,mountain
23541.jpg,mountain
23542.jpg,mountain
23543.jpg,mountain
23547.jpg,mountain
23548.jpg,mountain
23549.jpg,mountain
23550.jpg,mountain
23551.jpg,mountain
23552.jpg,mountain
23554.jpg,mountain
23555.jpg,mountain
23557.jpg,mountain
23559.jpg,mountain
23560.jpg,mountain
23562.jpg,mountain
23563.jpg,mountain
23564.jpg,mountain
23565.jpg,mountain
23567.jpg,mountain
23570.jpg,mountain
23573.jpg,mountain
23574.jpg,mountain
23575.jpg,mountain
23576.jpg,mountain
23577.jpg,mountain
23578.jpg,mountain
23579.jpg,mountain
23584.jpg,mountain
23585.jpg,mountain
23586.jpg,mountain
23587.jpg,mountain
23588.jpg,mountain
23589.jpg,mountain
23590.jpg,mountain
23591.jpg,mountain
23593.jpg,mountain
23594.jpg,mountain
23596.jpg,mountain
23597.jpg,mountain
23598.jpg,mountain
23600.jpg,mountain
23603.jpg,mountain
23604.jpg,mountain
23606.jpg,mountain
23608.jpg,mountain
23609.jpg,mountain
23610.jpg,mountain
23611.jpg,mountain
23612.jpg,mountain
23613.jpg,mountain
23616.jpg,mountain
23617.jpg,mountain
23619.jpg,mountain
23620.jpg,mountain
23623.jpg,mountain
23624.jpg,mountain
23625.jpg,mountain
23628.jpg,mountain
23629.jpg,mountain
23630.jpg,mountain
23632.jpg,mountain
23633.jpg,mountain
23635.jpg,mountain
23636.jpg,mountain
23637.jpg,mountain
23638.jpg,mountain
23639.jpg,mountain
23640.jpg,mountain
23641.jpg,mountain
23642.jpg,mountain
23643.jpg,mountain
23644.jpg,mountain
23647.jpg,mountain
23648.jpg,mountain
23649.jpg,mountain
23652.jpg,mountain
23653.jpg,mountain
23655.jpg,mountain
23656.jpg,mountain
23657.jpg,mountain
23658.jpg,mountain
23659.jpg,mountain
23660.jpg,mountain
23661.jpg,mountain
23663.jpg,mountain
23667.jpg,mountain
23668.jpg,mountain
23669.jpg,mountain
23675.jpg,mountain
23676.jpg,mountain
23677.jpg,mountain
23678.jpg,mountain
23679.jpg,mountain
23681.jpg,mountain
23682.jpg,mountain
23683.jpg,mountain
23684.jpg,mountain
23686.jpg,mountain
23687.jpg,mountain
23688.jpg,mountain
23689.jpg,mountain
23692.jpg,mountain
23694.jpg,mountain
23695.jpg,mountain
23697.jpg,mountain
23698.jpg,mountain
23700.jpg,mountain
23702.jpg,mountain
23703.jpg,mountain
23705.jpg,mountain
23707.jpg,mountain
23708.jpg,mountain
23709.jpg,mountain
23710.jpg,mountain
23711.jpg,mountain
23712.jpg,mountain
23713.jpg,mountain
23714.jpg,mountain
23715.jpg,mountain
23716.jpg,mountain
23717.jpg,mountain
23718.jpg,mountain
23721.jpg,mountain
23723.jpg,mountain
23724.jpg,mountain
23725.jpg,mountain
23726.jpg,mountain
23727.jpg,mountain
23728.jpg,mountain
23729.jpg,mountain
23731.jpg,mountain
23733.jpg,mountain
23734.jpg,mountain
23735.jpg,mountain
23736.jpg,mountain
23737.jpg,mountain
23738.jpg,mountain
23739.jpg,mountain
23741.jpg,mountain
23743.jpg,mountain
23744.jpg,mountain
23745.jpg,mountain
23746.jpg,mountain
23747.jpg,mountain
23748.jpg,mountain
23749.jpg,mountain
23750.jpg,mountain
23753.jpg,mountain
23756.jpg,mountain
23757.jpg,mountain
23758.jpg,mountain
23759.jpg,mountain
23760.jpg,mountain
23761.jpg,mountain
23762.jpg,mountain
23764.jpg,mountain
23766.jpg,mountain
23769.jpg,mountain
23771.jpg,mountain
23773.jpg,mountain
23774.jpg,mountain
23775.jpg,mountain
23776.jpg,mountain
23779.jpg,mountain
23780.jpg,mountain
23781.jpg,mountain
23782.jpg,mountain
23783.jpg,mountain
23785.jpg,mountain
23786.jpg,mountain
23791.jpg,mountain
23792.jpg,mountain
23793.jpg,mountain
23794.jpg,mountain
23795.jpg,mountain
23796.jpg,mountain
23797.jpg,mountain
23798.jpg,mountain
23801.jpg,mountain
23804.jpg,mountain
23806.jpg,mountain
23807.jpg,mountain
23808.jpg,mountain
23810.jpg,mountain
23812.jpg,mountain
23813.jpg,mountain
23814.jpg,mountain
23815.jpg,mountain
23816.jpg,mountain
23817.jpg,mountain
23818.jpg,mountain
23819.jpg,mountain
23821.jpg,mountain
23822.jpg,mountain
23825.jpg,mountain
23826.jpg,mountain
23829.jpg,mountain
23830.jpg,mountain
23833.jpg,mountain
23835.jpg,mountain
23837.jpg,mountain
23838.jpg,mountain
23841.jpg,mountain
23843.jpg,mountain
23845.jpg,mountain
23846.jpg,mountain
23848.jpg,mountain
23851.jpg,mountain
23852.jpg,mountain
23853.jpg,mountain
23854.jpg,mountain
23855.jpg,mountain
23859.jpg,mountain
23860.jpg,mountain
23861.jpg,mountain
23862.jpg,mountain
23865.jpg,mountain
23866.jpg,mountain
23867.jpg,mountain
23868.jpg,mountain
23869.jpg,mountain
23870.jpg,mountain
23871.jpg,mountain
23872.jpg,mountain
23873.jpg,mountain
23874.jpg,mountain
23875.jpg,mountain
23876.jpg,mountain
23877.jpg,mountain
23879.jpg,mountain
23883.jpg,mountain
23884.jpg,mountain
23885.jpg,mountain
23886.jpg,mountain
23888.jpg,mountain
23889.jpg,mountain
23890.jpg,mountain
23892.jpg,mountain
23896.jpg,mountain
23898.jpg,mountain
23899.jpg,mountain
23900.jpg,mountain
23901.jpg,mountain
23902.jpg,mountain
23903.jpg,mountain
23906.jpg,mountain
23907.jpg,mountain
23908.jpg,mountain
23909.jpg,mountain
23910.jpg,mountain
23912.jpg,mountain
23915.jpg,mountain
23918.jpg,mountain
23919.jpg,mountain
23920.jpg,mountain
23923.jpg,mountain
23925.jpg,mountain
23926.jpg,mountain
23927.jpg,mountain
23928.jpg,mountain
23929.jpg,mountain
23930.jpg,mountain
23931.jpg,mountain
23932.jpg,mountain
23933.jpg,mountain
23935.jpg,mountain
23936.jpg,mountain
23937.jpg,mountain
23938.jpg,mountain
23939.jpg,mountain
23942.jpg,mountain
23943.jpg,mountain
23945.jpg,mountain
23947.jpg,mountain
23948.jpg,mountain
23949.jpg,mountain
23950.jpg,mountain
23951.jpg,mountain
23952.jpg,mountain
23955.jpg,mountain
23956.jpg,mountain
23958.jpg,mountain
23959.jpg,mountain
23961.jpg,mountain
23962.jpg,mountain
23964.jpg,mountain
23965.jpg,mountain
23967.jpg,mountain
23968.jpg,mountain
23969.jpg,mountain
23972.jpg,mountain
23973.jpg,mountain
23974.jpg,mountain
23975.jpg,mountain
23976.jpg,mountain
23977.jpg,mountain
23978.jpg,mountain
23979.jpg,mountain
23981.jpg,mountain
23982.jpg,mountain
23984.jpg,mountain
23986.jpg,mountain
23987.jpg,mountain
23988.jpg,mountain
23989.jpg,mountain
23990.jpg,mountain
23993.jpg,mountain
23995.jpg,mountain
23997.jpg,mountain
23998.jpg,mountain
24000.jpg,mountain
24001.jpg,mountain
24004.jpg,mountain
24005.jpg,mountain
24006.jpg,mountain
24007.jpg,mountain
24008.jpg,mountain
24009.jpg,mountain
24010.jpg,mountain
24011.jpg,mountain
24013.jpg,mountain
24016.jpg,mountain
24017.jpg,mountain
24018.jpg,mountain
24019.jpg,mountain
24020.jpg,mountain
24021.jpg,mountain
24022.jpg,mountain
24023.jpg,mountain
24024.jpg,mountain
24026.jpg,mountain
24027.jpg,mountain
24029.jpg,mountain
24032.jpg,mountain
24033.jpg,mountain
24034.jpg,mountain
24036.jpg,mountain
24037.jpg,mountain
24039.jpg,mountain
24040.jpg,mountain
24041.jpg,mountain
24043.jpg,mountain
24044.jpg,mountain
24045.jpg,mountain
24047.jpg,mountain
24049.jpg,mountain
24050.jpg,mountain
24051.jpg,mountain
24052.jpg,mountain
24053.jpg,mountain
24055.jpg,mountain
24056.jpg,mountain
24057.jpg,mountain
24058.jpg,mountain
24059.jpg,mountain
24060.jpg,mountain
24062.jpg,mountain
24063.jpg,mountain
24066.jpg,mountain
24070.jpg,mountain
24072.jpg,mountain
24073.jpg,mountain
24075.jpg,mountain
24076.jpg,mountain
24077.jpg,mountain
24078.jpg,mountain
24080.jpg,mountain
24082.jpg,mountain
24083.jpg,mountain
24085.jpg,mountain
24086.jpg,mountain
24087.jpg,mountain
24088.jpg,mountain
24091.jpg,mountain
24094.jpg,mountain
24095.jpg,mountain
24096.jpg,mountain
24097.jpg,mountain
24098.jpg,mountain
24099.jpg,mountain
24100.jpg,mountain
24101.jpg,mountain
24103.jpg,mountain
24106.jpg,mountain
24107.jpg,mountain
24108.jpg,mountain
24109.jpg,mountain
24110.jpg,mountain
24111.jpg,mountain
24112.jpg,mountain
24113.jpg,mountain
24115.jpg,mountain
24118.jpg,mountain
24119.jpg,mountain
24120.jpg,mountain
24122.jpg,mountain
24123.jpg,mountain
24124.jpg,mountain
24126.jpg,mountain
24127.jpg,mountain
24128.jpg,mountain
24129.jpg,mountain
24130.jpg,mountain
24131.jpg,mountain
24132.jpg,mountain
24133.jpg,mountain
24135.jpg,mountain
24136.jpg,mountain
24137.jpg,mountain
24138.jpg,mountain
24139.jpg,mountain
24141.jpg,mountain
24143.jpg,mountain
24145.jpg,mountain
24146.jpg,mountain
24147.jpg,mountain
24149.jpg,mountain
24150.jpg,mountain
24152.jpg,mountain
24153.jpg,mountain
24154.jpg,mountain
24155.jpg,mountain
24158.jpg,mountain
24159.jpg,mountain
24160.jpg,mountain
24161.jpg,mountain
24163.jpg,mountain
24165.jpg,mountain
24166.jpg,mountain
24167.jpg,mountain
24169.jpg,mountain
24170.jpg,mountain
24171.jpg,mountain
24172.jpg,mountain
24173.jpg,mountain
24174.jpg,mountain
24175.jpg,mountain
24176.jpg,mountain
24177.jpg,mountain
24178.jpg,mountain
24179.jpg,mountain
24180.jpg,mountain
24181.jpg,mountain
24184.jpg,mountain
24185.jpg,mountain
24186.jpg,mountain
24187.jpg,mountain
24189.jpg,mountain
24190.jpg,mountain
24193.jpg,mountain
24195.jpg,mountain
24196.jpg,mountain
24197.jpg,mountain
24198.jpg,mountain
24199.jpg,mountain
24200.jpg,mountain
24201.jpg,mountain
24203.jpg,mountain
24204.jpg,mountain
24205.jpg,mountain
24206.jpg,mountain
24207.jpg,mountain
24208.jpg,mountain
24209.jpg,mountain
24211.jpg,mountain
24212.jpg,mountain
24213.jpg,mountain
24214.jpg,mountain
24215.jpg,mountain
24218.jpg,mountain
24219.jpg,mountain
24220.jpg,mountain
24221.jpg,mountain
24222.jpg,mountain
24223.jpg,mountain
24224.jpg,mountain
24226.jpg,mountain
24228.jpg,mountain
24229.jpg,mountain
24230.jpg,mountain
24231.jpg,mountain
24234.jpg,mountain
24235.jpg,mountain
24236.jpg,mountain
24237.jpg,mountain
24239.jpg,mountain
24241.jpg,mountain
24242.jpg,mountain
24244.jpg,mountain
24245.jpg,mountain
24246.jpg,mountain
24247.jpg,mountain
24248.jpg,mountain
24249.jpg,mountain
24250.jpg,mountain
24251.jpg,mountain
24252.jpg,mountain
24254.jpg,mountain
24256.jpg,mountain
24258.jpg,mountain
24260.jpg,mountain
24261.jpg,mountain
24262.jpg,mountain
24263.jpg,mountain
24264.jpg,mountain
24265.jpg,mountain
24266.jpg,mountain
24267.jpg,mountain
24268.jpg,mountain
24269.jpg,mountain
24270.jpg,mountain
24271.jpg,mountain
24273.jpg,mountain
24274.jpg,mountain
24275.jpg,mountain
24277.jpg,mountain
24279.jpg,mountain
24280.jpg,mountain
24282.jpg,mountain
24283.jpg,mountain
24284.jpg,mountain
24285.jpg,mountain
24286.jpg,mountain
24287.jpg,mountain
24290.jpg,mountain
24292.jpg,mountain
24294.jpg,mountain
24295.jpg,mountain
24297.jpg,mountain
24299.jpg,mountain
24300.jpg,mountain
24301.jpg,mountain
24304.jpg,mountain
24309.jpg,mountain
24310.jpg,mountain
24311.jpg,mountain
24312.jpg,mountain
24313.jpg,mountain
24314.jpg,mountain
24315.jpg,mountain
24317.jpg,mountain
24319.jpg,mountain
24320.jpg,mountain
24321.jpg,mountain
24322.jpg,mountain
24323.jpg,mountain
24324.jpg,mountain
24325.jpg,mountain
24328.jpg,mountain
24329.jpg,mountain
24332.jpg,mountain
24334.jpg,mountain
